Dimension,Ortalama Skor
dim_100,0.7111058235168457
dim_200,0.9951186776161194
dim_50,0.9956480860710144
