Window,Ortalama Skor
win_2,0.7129880743367332
win_4,0.7103087944643838
win_6,0.9930616021156311
